Username,GbUsed,FilesUsed
,1
,85
,134
,139
,2
,2
,5030
,6
,878
,896
,17
,321359
,219812
,3696
,5030
,132033
,1403137
,2550
,401052
,321359
,18
,3696
,2
,219812
,426
,708
,85
,273182
,134
,401052
,1358469
,1
,132033
,691773
,708
1
1
100302928,0.00,mtholder2
100527368,c721s275,0.00,0.00,6
100605206,0.00,1
100605206d669d153,0.00,4215.06,1
144363,m525g908118.36,0.00,788
18
2
254823
273182
6542
8306,0.00,1
Updated:,Fri,Oct,28,16:44:09,CDT,2022
Username,GbUsed,FilesUsed
a619f280,c361n270,85.43,101.01,4405
aezshort,0.00,1
b686w673,a562b926,223.350.00,97
b809a050,p470d241,0.00,0.01,2
c111h652,l944d476,39.101018.85,254823
c721s275j141c380,0.00,1075.82,1
c889s469,e001o910,83.19,588.17,509
e059n789,0.00,3
j306c371,p633h0509.44,1028.40,76139
jensen,0.00,1
k057p325,0.00,1
k057p325,b809a0500.00,0.00,1
k478t890,0.00,m538c005,1
k756m211,0.00,1
k756m211,0.00d076r852,696.891
k917r540,r768n055,5.73,k478t890,0.00,1
k917r540,l944d476,0.42,1018.85,104
k947c454,memort,0.00,283.78,1
m538c005,m525g908,45.72,0.00,2798
moyle,0.00,8
mtholder,0.00,1
n708r444,0.00,1
n708r444,0.00,f585m208,1
p653w640,0.00,1
p653w640,c378m666,0.00,79.22,1
r011g326,0.00,aezshort1
r110a449,
root,0.00,9
root,w650s6090.00,0.009
vieglais,0.00,1
w650s609,p470d2410.00,0.01,1
100302928,0.00100428231,0.02,139
,0.00,1
,0.00,1
,0.00,1
,0.00,1
159799,1.22,20
r768n055m060h638,5.73,41732
j306c371,9.44,76139
,c111h652,17.58,39.10,144402
jkarch,17.58,144402
trunks18,30.16,233168
r110a449100435793,41.950.00,881
c889s469,83.19,509
a619f280,84.72,4339
c361n270100435315,101.01247.51,17
144363,118.36,788
12079,120.73,5831
b686w673,223.35,97
100435315k817a873,247.51305.44,317
memort,283.78,2550
k817a873,305.44,jensen,317
s953b810,1015.79,jkarch180961
j141c380,1075.8212079,6542
45.72,2798
,120.73,5831
r557e636,8306,0.01,10
1031.40,221237
128.52,252767
m060h638,100356371,128.52,7.20,252767
159799,100371065,1.22,390.83,20
100232507,100385527,903.19,32.34,1447913
e001o910,100393729,588.17,27.63,691773
r557e636,100395100,0.01,13.28,10
s953b810,100435793,1009.29,0.00,180961
vieglais,1002325070.00,903.19,1447913
moyle,1003613520.00,0.53,8
k947c454,1003937290.00,27.63,1
a562b926,1003951000.00,13.28,1
r011g326,1004269170.00,595.05,1
e059n789,1005273680.00,0.00,3
trunks18,10035637130.16,7.20,233168
c378m666,10042823179.22,0.02,426
d076r852,100371065696.89,390.83,896
f585m208,1003613521031.40,0.53221237
p633h050,1003855271028.40,32.34,1403137
d669d153,1004269174215.06,595.05,1358469
