Username,GbUsed,FilesUsed
,1
,2798
,1
,2
,2687
,896
,249696
,6060
,20
,1403137
,1
,9
,2550
,1361343
,41732
1
1
1
1
100302928,0.00,2
100302928,0.00,jensen,2
100435793,0.00,18
100527368,0.00,6
100549914,0.00,
100549914,p633h0500.00,1028.40,1
100605206,0.00,1
100605206,c361n2700.00,101.01,1
104
159799,vieglais1.22,0.00,20
8306,0.00,1
Updated:,Wed,Nov,16,21:48:36,CST,2022
Username,GbUsed,FilesUsed
a562b926,0.00,1
aezshort,0.00,1
b809a050,0.00,100395100,2
c721s275,0.00,1
c721s275,0.00,d669d1531
jensen,0.00,1
k057p325,0.00,1
k057p325a562b926,0.000.00,1
k478t890,0.00,1
k478t890,b809a0500.00,0.00,1
k756m211,0.00,1
k947c454,0.00,1
k947c454aezshort,0.000.00,1
m525g908,0.00,2
m525g908,0.00,2
moyle,0.00,8
moyle,root,0.00,0.00,8
mtholder,0.00,1
p653w640,0.00,1
p653w640,r110a4490.00,96.24,1
r011g326,0.00,1
r557e636,mtholder0.01,0.0010
root,0.00,9
vieglais,0.00,1
w650s609,0.00,1
w650s609,memort,0.00,283.78,1
r011g326,0.0012079,1
k756m211e001o910,0.00808.68,1186636
p470d241,0.01,134
p470d241,0.01,134
r557e636,0.01,10
100428231,0.02,139
100428231,0.02,139
k917r540,0.42f585m208,1054.57104
100361352,0.53,85
100361352,0.53,85
,0.00,1
159799,1.22,20
r768n055,5.73d076r852,696.8941732
0.00,6
100356371,7.20,5030
100356371,7.20,5030
j306c371,9.44,76139
j306c371d669d153,9.44,4636.13,76139
e059n789,13.18,31
e059n789k917r540,13.180.42,31
100395100,13.28,708
jkarch,17.58,144402
,0.00,18
100393729,27.63,401052
100393729,27.63,401052
trunks18,30.19,233168
100385527,32.34,321359
100385527,32.34,321359
c111h652,39.24,133672
c111h652,39.24,133672
m538c005,45.72,2798
r110a449,96.24m538c005,45.726060
c361n270,101.01,20
a619f280,114.71,6332
a619f280r768n055,114.715.73,6332
144363,118.36,788
12079,120.73,5831
m060h638,128.52,252767
m060h638,128.52,252767
c378m666,132.36,1004357932657
c889s469,187.02c378m666,133.006010
c889s469,187.52,6035
b686w673,223.35,97
b686w673,223.35100527368,97
100435315,247.51,273182
100435315,247.51,273182
memort,283.78,2550
k817a873,305.44,317
k817a873,305.44trunks18,317
100371065,390.83,219812
100371065,390.83,219812
100426917,595.05,3696
d076r852,696.89,896
,13.28,708
118.36,788
e001o910,808.68,1186636
100232507,903.19,1447913
p633h050,1028.40,1004269171403137
s953b810,1040.05,205712
s953b810,1040.05144363,205712
f585m208,1054.57,249696
l944d476,1406.95,254836
l944d476,1406.95,254836
j141c380,2148.68,67672
j141c380,2148.68jkarch,67672
,595.05,3696
120.73,5831
100232507,8306,903.19,0.00,1447913
17.58,144402
30.19,233168
,4636.13,1361343
