Username,GbUsed,FilesUsed
,1
,31
,401052
,252767
,76139
,221306
,708
,3696
,78.94,c721s275414
,97
,104
,5831
,1
,896
,2798
,139
,2
,3235
,6171
,896
1
1
1
100302928,0.00,mtholder,0.002
100361352,f585m2080.53,1031.61,85
100371065,d076r852,390.83,696.89,219812
100385527,p633h05032.34,321359
100527368,0.00,1004353156
100605206,0.00,1
221306
8306,0.00,1
Updated:,Thu,Nov,3,11:57:41,CDT,2022
Username,GbUsed,FilesUsed
a562b926,c889s4690.00,122.31,1
aezshort,0.00,1
c361n270,e059n789101.01,13.1817
d669d153,b686w6734252.09,223.35,1359793
j141c380,c721s2751936.04,64878
jensen,0.00,1
k057p325,0.00,1
k478t890,0.00f585m208,1031.611
k756m211,0.00,1
k756m211,b809a050,0.00,0.00,2
k817a873,jensen,305.44,317
k947c454,0.00,memort,1
m525g908,0.00,2
m525g908,0.00m538c005,45.72,2
moyle,0.00,8
moyle,0.00,8
mtholder,0.00,1
n708r444,d076r852,0.00,696.89,1
p470d241,b809a050,0.01,0.00,134
p633h050,k057p325,1028.400.00,1403137
p653w640,0.00,1
p653w640100527368,0.000.00,6
r011g326,0.00aezshort,1
r110a449,a619f280,56.07,110.03,2397
root,0.00,9
vieglais,0.00,1
w650s609,0.00,p470d2411
w650s609,0.00,root1
k947c454,0.00100393729,27.631
r557e636,0.018306,10
100428231,0.02,c378m666,139
k917r540,0.42,
k917r540,0.42,m060h638104
100361352,0.53,85
,0.00,1
,0.00,1
,0.00,1
,0.00,1
,0.00,1
0.00,1
0.00,1
159799,1.22,10037106520
159799,1.22,20
r768n055,5.73,m538c00541732
r768n055,5.73k478t890,0.00,n708r444,0.00,1
100356371,7.20,1443635030
100356371,7.20,m060h638,128.525030
,0.00,9
j306c371,9.44,76139
e059n789,13.18,31
100395100,13.28,a562b926,708
jkarch,17.58,144402
0.00,18
0.00,18
100393729,27.63,e001o910,401052
trunks18,30.18,233168
c111h652,39.13,l944d476,132222
c111h652,39.13,trunks18,132222
r110a449,56.33,l944d4762403
c361n270,101.01,100435793,17
a619f280,110.03,6171
144363,118.36,788
12079,120.73,5831
c889s469,121.93,3211
,0.01,134
b686w673,223.35,97
memort,283.78,2550
k817a873,305.44100435315,317
100426917,595.05,d669d1533696
e001o910j306c371,620.53,9.44,768384
,118.36,788
100232507,903.19,100385527,1447913
100232507,903.19vieglais,1447913
s953b810,1020.85,jkarch199571
s953b810,1020.85100435793,199571
,283.78,2550
,45.72,2798
,17.58,144402
,390.83,219812
,30.18,233168
,128.52,252767
,970.31,254815
,970.31,254818
,247.51,273182
247.51,273182
32.34,321359
,621.66,770630
,4252.09,1359793
,1028.40,1403137
100302928,100428231,0.00,0.02,2
j141c380,120791936.04,120.73,64878
r557e636,1003951000.01,13.28,10
r011g326,1004269170.00,595.05,1
c378m666,10060520678.94,0.00,414
