Username,GbUsed,FilesUsed
,1
,2
,2
,5030
,131998
,2798
,426
,1
,1447913
,208754
,6089
,691767
,896
,1358246
,1358246
,221237
,221237
,0.01,m538c005134
,6094
,691767
,1
,5831
,6
100302928,0.00jkarch,2
100393729,d076r85227.63,401052
100393729,j141c38027.63,949.38,401052
100395100,k817a87313.28,708
100426917,p633h050595.05,3696
100435315,d669d153247.51,4206.09,273182
100435793,c378m666,0.0079.22,426
100605206,0.00,1
100605206,0.00c361n270,1
12079,r557e636,120.730.01,10
144363,s953b810,118.36,942.51788
18
252767
254807
317
8306,0.00,1
8306,0.00,w650s6091
Updated:,Thu,Oct,27,12:47:42,CDT,2022
Username,GbUsed,FilesUsed
aezshort,0.00,1
c721s275,0.00,100356371,1
c721s275,a562b926,0.00,0.00,1
e059n789,0.00,3
e059n789,0.00,k917r5403
jensen,0.00,1
k057p325,0.00,1
k057p325,a562b926,0.00,1
k478t890,b809a0500.00,1
k756m211,0.00e001o910,588.161
m525g908,0.00,100435793,2
moyle,0.00c111h652,39.098
mtholder,0.00,1
mtholder,k947c4540.00,0.00,1
n708r444,0.00k756m211,0.00,1
n708r444,0.00p633h050,1
p653w640,0.00,1
p653w640,0.00,1
r011g326,jensen,0.00,0.00,1
root,0.00,1443639
root,0.00,9
trunks18,k817a873,30.16,305.44,233168
vieglais,0.00,1
vieglais,0.00,moyle,1
w650s609,m525g908,0.00,0.00,1
aezshort,0.00100232507,903.191
k947c454,0.00100371065,1
100527368l944d476,0.00969.81,6
p470d241,0.01,r011g326134
r557e636,0.01,10
100428231,0.02,c111h652,139
100428231,0.02,e001o910,588.16,139
k917r540,0.42f585m208,1031.40104
100361352,0.53,85
,0.00,1
,0.00,1
,0.00,1
0.00,1
159799,1.22100356371,7.2020
,0.00,2
0.00,2
r768n055,5.73,d076r852,696.8941732
,0.00,8
j306c371,9.44,76139
j306c371,9.44d669d153,4206.0976139
100395100,13.28b809a050,708
,101.01,17
jkarch,17.58,144402
,0.00,18
,1.22,20
trunks18,30.16,233168
100385527,32.34f585m208,1031.40321359
100385527,32.34100302928,0.00321359
r110a449,41.91,880
r110a449m538c005,41.91,45.72880
a619f280,77.29,r768n0553841
a619f280,77.54,3862
0.53,85
c889s469,91.41,508
c889s469,91.41c378m666,79.22508
c361n270m060h638,101.01128.52,17
,0.42,104
12079,120.73,5831
m060h638,128.52,p470d241252767
b686w673,223.35,97
100435315,247.51,273182
memort,283.78,2550
memort,283.78,159799,2550
305.44,317
100426917,595.05s953b810,3696
,118.36,788
696.89,896
100232507,903.19100361352,1447913
,17.58j141c380,944.81144402
l944d476,969.81,100371065,254807
,45.72,2798
,7.20,5030
,5.73,41732
,39.09,131998
,958.03,208759
,390.83,219812
,390.83,219812
,1028.40,1403137
1028.40,1403137
b686w673,100527368,223.35,0.00,97
